,City,Cloudiness,Country,Date,Humidity,Lat,Lon,Max Temp,Wind Speed
0,coquimbo,75,CL,1538082000,87,-29.95,-71.34,55.4,8.05
1,san patricio,32,PY,1538086065,81,-26.98,-56.83,74.83,3.49
2,barentsburg,75,IE,1538085600,87,51.55,-9.27,51.8,18.34
3,skibbereen,92,GL,1538085000,100,65.61,-37.64,32.0,21.92
4,tasiilaq,1,US,1538085180,33,39.95,-94.76,75.92,10.29
5,kodiak,24,RU,1538085913,86,67.55,63.78,35.95,10.09
6,komsomolskiy,75,AU,1538083800,53,-42.88,147.33,51.8,12.75
7,hobart,0,NZ,1538086067,100,-46.19,168.86,44.14,4.5
8,mataura,75,BR,1538085600,65,-22.97,-42.02,82.4,179.4
9,arraial do cabo,0,AU,1538086068,100,-33.64,115.35,50.89,20.6
10,busselton,8,UA,1538086069,55,47.96,39.74,47.65,9.64
11,biryukove,20,CY,1538083800,83,34.92,32.53,71.6,6.93
12,lasa,0,CZ,1538082000,76,50.46,16.19,51.8,4.7
13,velke porici,0,CL,1538082000,45,-53.16,-70.91,48.2,13.87
14,punta arenas,0,KZ,1538086070,75,47.8,67.71,44.5,2.82
15,zhezkazgan,8,NA,1538086071,84,-26.65,15.16,55.48,17.81
16,luderitz,90,ZA,1538082000,93,-33.93,18.42,57.2,18.34
17,cape town,44,IN,1538086072,95,15.34,74.49,70.87,2.59
18,taolanaro,32,PG,1538085934,100,-2.02,147.27,82.84,8.63
19,vaini,0,TR,1538086072,97,40.67,33.6,37.57,2.71
20,lorengau,75,GR,1538081400,54,39.45,22.34,59.0,6.93
21,ayan,75,BR,1538082000,61,-21.05,-48.85,78.8,10.29
22,saint george,56,ZA,1538085919,80,-34.42,19.24,59.53,9.86
23,toulepleu,0,TL,1538086074,87,-8.93,125.41,61.87,2.15
24,pompeu,36,TZ,1538086074,97,-1.35,34.38,64.84,4.61
25,hermanus,92,NO,1538083200,75,61.99,5.14,44.6,10.29
26,airai,0,AR,1538085600,34,-54.81,-68.31,48.2,13.87
27,tarime,64,UY,1538085931,83,-33.69,-53.46,61.87,16.46
28,raudeberg,90,CA,1538082000,93,47.66,-52.73,59.0,14.99
29,ushuaia,20,CO,1538086076,69,1.96,-72.65,85.27,3.04
30,chuy,90,CA,1538082000,57,49.78,-74.86,51.8,11.41
31,torbay,64,PT,1538086076,89,41.42,-6.55,62.95,2.37
32,calamar,75,CA,1538082000,64,55.1,-105.3,33.8,19.46
33,tsihombe,0,IT,1538083200,81,45.18,8.4,59.0,4.7
34,chapais,76,MV,1538085986,100,-0.6,73.08,79.87,23.96
35,saldanha,1,US,1538081580,60,60.79,-161.76,53.06,14.99
36,la ronge,88,CA,1538086074,83,50.57,-111.89,45.49,7.96
37,vila,0,PE,1538086078,83,-5.56,-80.82,72.85,14.34
38,hithadhoo,75,RU,1538083800,65,64.42,-173.23,46.4,13.42
39,bethel,24,PF,1538086079,100,-23.12,-134.97,72.31,17.02
40,brooks,0,ID,1538086079,73,-3.75,103.64,75.01,5.39
41,sechura,88,BR,1538086080,99,-30.17,-50.22,66.37,9.19
42,provideniya,0,RU,1538086080,93,53.39,142.95,41.71,10.42
43,rikitea,44,NZ,1538086010,82,-35.17,173.16,55.93,6.62
44,payo,12,GL,1538085944,100,77.48,-69.36,17.5,5.39
45,cidreira,90,CA,1538082000,100,69.44,-133.03,32.0,21.92
46,tungor,68,PF,1538085937,100,-16.48,-151.75,77.53,9.86
47,ahipara,20,JP,1538083800,77,34.68,135.8,66.2,4.7
48,qaanaaq,90,CA,1538082000,59,62.45,-114.38,33.8,12.75
49,tuktoyaktuk,24,AU,1538085942,90,-33.21,138.6,40.18,4.38
50,faanui,56,CN,1538086084,92,30.54,105.42,57.1,2.71
51,nara,0,ZW,1538086084,41,-20.16,28.59,74.11,11.43
52,yellowknife,75,NO,1538085000,81,63.83,10.7,44.6,16.11
53,attawapiskat,90,CA,1538084220,92,55.74,-97.86,30.2,10.29
54,jamestown,1,US,1538081760,38,45.52,-122.67,80.06,8.05
55,mys shmidta,92,RU,1538086085,100,45.23,147.88,51.07,9.08
56,changli,90,MX,1538081280,56,23.99,-104.67,69.8,10.29
57,bulawayo,76,CF,1538086086,97,5.02,25.13,67.81,6.06
58,hovd,92,RU,1538086087,92,71.98,102.47,44.05,15.9
59,thompson,92,CL,1538085964,98,-42.48,-73.76,49.63,10.54
60,portland,75,MX,1538080980,70,15.86,-97.07,87.8,5.82
61,kurilsk,90,RU,1538083800,87,59.7,30.79,44.6,6.71
62,constitucion,76,IN,1538085867,99,25.52,90.21,72.85,2.71
63,zemio,40,US,1538081760,81,22.08,-159.32,86.0,16.11
64,warqla,0,NA,1538086088,100,-22.12,14.28,54.85,6.62
65,khatanga,75,EC,1538082000,65,-0.74,-90.35,78.8,19.46
66,castro,92,GL,1538085000,87,60.91,-46.05,42.8,4.7
67,puerto escondido,92,RU,1538086089,98,52.47,96.11,42.88,4.72
68,nikolskoye,1,CA,1538085300,84,45.36,-73.48,62.6,4.16
69,tura,90,CA,1538082000,93,51.26,-80.61,46.4,12.66
70,kapaa,80,RU,1538086090,88,66.96,30.34,35.5,8.41
71,henties bay,8,PE,1538086091,64,-12.06,-77.04,68.17,2.59
72,sentyabrskiy,0,PL,1538085600,87,52.81,17.2,59.0,5.82
73,puerto ayora,80,GL,1538086092,89,60.14,-45.24,42.61,23.73
74,narsaq,80,RU,1538086092,59,60.06,69.92,60.7,5.95
75,toora-khem,40,MU,1538082000,73,-20.41,57.7,71.6,11.41
76,saint-philippe,92,AR,1538086093,72,-38.31,-60.23,53.23,11.43
77,moose factory,8,PF,1538086093,100,-9.8,-139.03,78.88,12.77
78,qandahar,8,RU,1538086094,92,69.7,170.27,43.78,17.02
79,alakurtti,0,AU,1538082000,87,-34.58,150.85,51.8,5.61
80,lima,75,NO,1538083200,81,58.89,5.65,50.0,21.92
81,wagrowiec,75,CK,1538082000,88,-21.21,-159.78,77.0,9.17
82,illoqqortoormiut,48,RU,1538086095,54,56.86,68.64,60.88,17.13
83,bengkulu,88,ID,1538086096,97,-0.91,122.88,76.0,4.5
84,nanortalik,90,US,1538085240,60,42.65,-73.75,64.94,4.7
85,gornopravdinsk,0,BY,1538086097,82,52.8,28.0,51.25,11.99
86,mahebourg,0,ZA,1538086097,100,-33.02,27.91,68.8,13.22
87,barrow,40,CO,1538082000,69,4.36,-75.74,84.2,1.59
88,atuona,0,FR,1538083800,93,50.11,1.83,59.0,2.24
89,pevek,8,MA,1538086102,85,29.7,-9.73,71.23,3.6
90,flinders,0,NA,1538086102,23,-26.57,18.15,60.43,9.31
91,sola,92,RU,1538085940,95,70.62,147.9,36.31,13.89
92,avarua,0,KZ,1538083800,100,51.13,71.43,39.2,4.47
93,mergui,0,IT,1538083200,67,41.89,12.48,68.0,3.36
94,aromashevo,20,JP,1538084880,100,35.73,140.83,59.0,1.12
95,biak,44,CU,1538081940,88,22.15,-80.44,87.8,10.29
96,toliary,8,NZ,1538086105,86,-45.41,167.72,40.63,5.17
97,albany,24,CO,1538086105,61,6.28,-71.1,89.05,5.39
98,lyuban,1,US,1538084100,35,34.64,-120.46,86.0,13.87
99,east london,0,JP,1538086106,100,33.72,135.99,68.26,8.63
100,buenavista,0,CN,1538086106,65,36.62,101.77,27.76,2.15
101,abbeville,0,IR,1538086107,46,33.6,56.92,54.85,2.59
102,tiznit,0,AU,1538083800,72,-33.85,151.22,59.0,10.29
103,keetmanshoop,90,US,1538085300,67,39.31,-74.98,69.08,9.17
104,grand river south east,0,GL,1538086108,100,72.79,-56.15,33.79,16.24
105,chokurdakh,75,NO,1538081400,64,71.03,27.85,39.2,18.34
106,hongan,75,AU,1538083800,62,-35.55,138.62,55.4,16.11
107,astana,24,NZ,1538086109,100,-46.13,167.69,46.48,11.21
108,hihifo,20,TH,1538086110,89,7.78,100.32,76.18,3.71
109,roma,92,RU,1538086110,89,71.97,114.09,30.01,16.02
110,hasaki,40,CA,1538082000,69,68.22,-135.01,33.8,2.24
111,cienfuegos,92,GL,1538086111,84,66.94,-53.67,33.16,3.15
112,te anau,64,AR,1538086041,67,-46.43,-67.52,49.81,13.78
113,puerto rondon,92,RU,1538086111,95,65.61,72.68,51.88,18.48
114,lompoc,64,CN,1538086111,100,22.82,115.83,77.89,4.94
115,shingu,0,AU,1538083800,10,-23.7,133.88,55.4,5.82
116,xining,32,AO,1538086112,91,-8.83,13.24,72.58,6.62
117,tabas,24,BR,1538086113,87,-5.81,-61.3,82.57,2.59
118,sydney,20,IN,1538086113,97,18.31,73.24,73.3,2.37
119,port elizabeth,20,US,1538081760,65,19.71,-155.08,87.98,9.17
120,upernavik,0,AU,1538086114,84,-23.58,149.07,63.31,8.97
121,mehamn,0,US,1538086114,43,37.17,-99.65,77.71,11.99
122,victor harbor,0,FR,1538083800,77,45.6,-0.6,66.2,2.24
123,tuatapere,0,ZA,1538082000,82,-34.53,20.04,55.4,4.7
124,ruatoria,0,GH,1538085957,92,5.79,0.9,75.73,9.53
125,tumannyy,88,RU,1538085902,92,73.51,80.55,40.27,18.48
126,ranot,0,BR,1538082000,78,-21.64,-41.05,77.0,11.41
127,saskylakh,20,PT,1538082000,57,38.31,-7.71,77.0,5.82
128,aklavik,24,AO,1538085833,72,-14.66,17.68,68.71,2.15
129,sisimiut,75,RU,1538083800,81,64.73,177.51,48.2,17.9
130,mar del plata,0,EG,1538082000,53,27.18,31.19,77.0,13.87
131,staryy nadym,8,CN,1538086117,92,30.13,111.78,60.52,4.16
132,jieshi,76,RU,1538086016,87,69.3,139.9,23.26,3.04
133,alice springs,90,FI,1538085000,93,61.87,28.88,42.8,6.93
134,luanda,80,AO,1538086118,74,-13.73,15.06,64.75,5.17
135,nizhneyansk,76,FO,1538085000,87,62.23,-6.59,42.8,16.11
136,manicore,8,KI,1538085905,100,3.07,172.79,84.1,8.63
137,indapur,0,ES,1538083800,60,37.47,-4.43,75.2,5.82
138,hilo,0,ZA,1538086119,88,-33.59,26.89,66.37,12.44
139,bluff,0,IT,1538083200,93,46.12,8.29,53.6,1.81
140,sitka,88,JP,1538085884,100,42.97,140.51,56.65,5.73
141,souillac,90,US,1538081760,86,58.3,-134.42,51.98,2.04
142,bredasdorp,92,RU,1538086120,88,63.51,53.41,40.63,7.63
143,anloga,75,CA,1538082000,64,65.28,-126.83,39.2,16.11
144,dikson,8,NC,1538086121,75,-20.4,164.57,72.67,11.99
145,sao joao da barra,88,CI,1538086121,97,4.95,-6.09,77.8,8.63
146,portel,0,AU,1538086122,66,-20.77,117.15,60.61,4.16
147,menongue,8,BD,1538086122,87,23.98,88.63,79.15,6.62
148,anadyr,90,US,1538085300,74,30.04,-94.42,82.04,5.82
149,asyut,40,BR,1538085600,70,2.82,-60.67,84.2,8.05
150,nanhai,1,US,1538084100,63,40.8,-124.16,64.4,8.05
151,deputatskiy,92,RU,1538086125,97,55.64,95.45,44.77,3.38
152,savonlinna,48,CN,1538086125,90,33.08,107.03,43.6,1.7
153,caconda,44,RU,1538086125,96,61.28,108.01,42.16,3.71
154,klaksvik,75,TR,1538083200,68,41.06,28.38,64.4,13.87
155,butaritari,68,PT,1538086126,98,38.52,-28.7,74.65,11.1
156,cabra,90,US,1538084820,93,39.62,-77.74,60.98,5.82
157,port alfred,0,AE,1538082000,79,24.47,54.37,89.6,10.29
158,domodossola,20,CA,1538082000,55,58.52,-117.13,39.2,8.05
159,iwanai,20,DK,1538085000,81,56.42,10.88,51.8,19.46
160,juneau,20,PT,1538082000,88,38.73,-27.07,77.0,6.96
161,vodnyy,44,ID,1538085983,100,-0.86,131.25,80.23,8.41
162,norman wells,20,ES,1538083800,64,38.18,-1.13,75.2,6.93
163,pouebo,0,TR,1538086128,77,36.64,33.44,50.89,3.94
164,sassandra,92,SE,1538086129,100,60.67,17.14,43.6,3.94
165,roebourne,0,GB,1538085000,87,51.04,-4.21,51.8,2.24
166,karimpur,90,AR,1538083200,82,-34.54,-58.72,62.6,12.75
167,nome,40,SB,1538082000,78,-9.43,159.96,80.6,4.7
168,boa vista,40,NO,1538085000,79,78.22,15.63,24.8,17.22
169,eureka,0,IN,1538086132,92,26.37,81.8,75.64,2.71
170,irbeyskoye,0,JP,1538085929,100,34.7,138.93,68.08,5.95
171,hanzhong,75,CA,1538082000,75,58.81,-122.69,41.0,2.24
172,yerbogachen,0,RU,1538086133,87,54.05,122.9,38.2,3.6
173,selimpasa,0,DE,1538083920,81,50.68,9.77,46.4,1.12
174,ribeira grande,92,GA,1538086134,93,-1.62,11.6,73.39,2.71
175,vardo,40,SA,1538082000,24,26.33,43.97,91.4,3.36
176,abu dhabi,88,RU,1538086135,98,68.54,146.19,30.73,5.28
177,high level,75,US,1538085360,93,44.41,-103.51,44.96,5.84
178,grenaa,64,MV,1538086136,100,3.78,72.97,81.58,23.73
179,praia da vitoria,88,RU,1538086136,93,51.16,94.47,39.28,2.82
180,sorong,1,US,1538081880,60,64.84,-147.72,48.92,9.17
181,fortuna,92,CN,1538086137,99,27.88,102.25,54.31,1.7
182,mut,92,RU,1538086137,100,51.11,114.54,44.41,9.08
183,gavle,75,IS,1538083800,86,63.84,-22.43,42.8,6.93
184,northam,92,AR,1538086140,97,-36.62,-64.29,54.76,11.43
185,san miguel,0,NO,1538086141,100,60.83,10.07,39.91,7.18
186,honiara,20,RU,1538086096,63,63.2,75.45,56.2,17.81
187,longyearbyen,20,AR,1538086142,78,-28.51,-59.05,77.17,8.41
188,amderma,0,ZA,1538085950,35,-30.97,22.13,45.58,4.61
189,musafirkhana,40,MX,1538083260,62,22.89,-109.91,87.8,13.87
190,belushya guba,76,SE,1538085000,86,63.18,14.64,37.4,11.41
191,shimoda,0,GF,1538086143,68,5.48,-53.21,84.1,6.96
192,fort nelson,76,CN,1538086143,80,35.41,116.58,60.97,2.93
193,urusha,40,PF,1538083800,57,-17.73,-149.15,80.6,5.82
194,hunfeld,8,NG,1538086144,87,9.26,12.45,75.64,2.71
195,buqayq,92,RU,1538086144,94,65.96,78.37,48.37,15.57
196,mimongo,75,AR,1538085600,53,-51.62,-69.22,51.8,9.17
197,ngukurr,68,RU,1538086145,92,65.58,-170.99,44.05,14.45
198,buraydah,75,AU,1538083800,53,-42.78,147.06,51.8,12.75
199,belaya gora,0,SA,1538082000,10,24.63,46.72,80.6,2.93
200,sturgis,0,NZ,1538085898,91,-46.28,169.85,44.86,4.83
201,mahibadhoo,68,BR,1538086146,89,-3.7,-45.5,77.53,1.03
202,bay-khaak,68,PH,1538086147,84,10.68,122.95,78.43,9.64
203,fairbanks,0,KZ,1538086147,83,48.57,83.65,43.6,2.71
204,xichang,0,MZ,1538086120,99,-23.87,35.38,74.74,11.54
205,aginskoye,92,RU,1538086148,63,56.65,66.31,56.74,4.38
206,grindavik,0,PG,1538086123,100,-2.57,150.8,83.29,9.75
207,santa rosa,20,GY,1538082000,74,6.8,-58.16,86.0,11.41
208,dokka,0,RU,1538086149,90,60.35,102.28,32.26,2.59
209,noyabrsk,1,US,1538085360,2,44.77,-117.83,82.94,10.29
210,bella vista,20,CA,1538082000,69,66.15,-65.72,33.8,8.05
211,carnarvon,8,GB,1538083200,77,52.47,1.45,59.0,6.93
212,cabo san lucas,44,RU,1538086150,80,65.17,57.09,40.0,9.31
213,ostersund,92,AR,1538086150,100,-38.72,-62.27,49.0,13.11
214,iracoubo,0,IL,1538083200,69,31.8,34.94,77.0,3.36
215,jining,75,PH,1538085600,94,17.54,120.52,75.2,4.7
216,tautira,1,US,1538084100,54,33.19,-82.53,88.16,5.82
217,yola,0,MX,1538086152,50,27.97,-114.04,85.27,11.21
218,urengoy,20,CY,1538085600,83,34.81,32.42,71.6,5.82
219,rio gallegos,1,US,1538084100,45,41.47,-87.06,69.08,8.05
220,lavrentiya,88,ID,1538086153,100,-3.31,129.0,77.53,6.4
221,new norfolk,0,BR,1538086153,32,-17.45,-44.68,84.73,4.61
222,riyadh,75,BN,1538083800,94,5.28,115.24,78.8,1.12
223,kaitangata,0,KZ,1538086154,68,43.35,52.85,52.51,10.54
224,pimentel,44,NP,1538086155,66,27.38,87.21,42.97,1.59
225,bacolod,8,BR,1538086155,60,-4.26,-55.99,88.6,3.83
226,kurchum,68,SB,1538086155,96,-8.15,159.59,80.77,14.34
227,inhambane,88,RU,1538086156,93,67.46,153.71,31.18,4.72
228,yalutorovsk,40,NO,1538081400,100,70.98,25.97,35.6,10.29
229,kavieng,1,US,1538085420,28,40.92,-98.34,75.02,10.29
230,samusu,64,PH,1538085937,89,11.0,122.67,77.17,7.07
231,georgetown,68,LK,1538086157,100,6.12,81.12,79.42,8.41
232,vanavara,92,CG,1538086157,99,-2.55,14.76,69.07,2.82
233,baker city,75,CO,1538082000,94,11.24,-74.21,80.6,4.7
234,pangnirtung,75,NU,1538082000,74,-19.06,-169.92,78.8,13.87
235,broome,0,BA,1538086159,62,44.05,16.85,39.46,1.92
236,puteyets,68,ML,1538086159,27,20.2,1.01,83.29,4.27
237,bahia blanca,75,FI,1538085000,86,62.89,27.68,41.0,11.41
238,gizo,0,MG,1538086014,58,-13.19,49.05,71.32,14.67
239,san quintin,40,MX,1538084520,74,16.99,-99.26,86.0,8.05
240,bardiyah,32,AR,1538086161,80,-33.3,-66.34,65.2,3.94
241,avera,75,CA,1538082000,68,63.75,-68.52,30.2,19.46
242,guerrero negro,92,RU,1538086162,98,60.71,114.91,44.68,2.15
243,emba,20,AW,1538082000,70,12.52,-70.03,86.0,17.22
244,valparaiso,92,GL,1538085919,93,61.99,-49.67,41.44,39.5
245,amahai,0,RU,1538083800,80,53.05,158.65,39.2,6.71
246,corrente,75,MX,1538080860,58,23.92,-99.28,84.2,18.34
247,victoria,76,BR,1538086143,51,-20.63,-46.0,80.95,1.36
248,zhanaozen,76,BW,1538086163,22,-23.98,21.76,78.16,7.4
249,khandbari,76,RU,1538086164,72,57.34,58.22,42.97,12.1
250,itaituba,0,IN,1538086044,100,11.67,92.75,82.21,6.85
251,buala,40,CA,1538082000,75,50.23,-63.6,46.4,14.99
252,srednekolymsk,12,PK,1538086165,91,31.63,71.07,69.43,3.15
253,honningsvag,12,IN,1538086165,86,27.93,96.16,63.76,1.92
254,grand island,0,BW,1538086166,53,-22.27,28.75,76.81,12.44
255,rungata,20,JP,1538083200,93,33.93,134.5,57.2,9.17
256,dingle,20,CY,1538085600,83,34.78,32.57,71.6,5.82
257,hambantota,36,RU,1538086167,87,60.47,166.1,34.6,7.85
258,djambala,80,TC,1538086167,100,21.46,-71.14,82.48,14.67
259,santa marta,92,RU,1538086168,93,53.66,52.44,42.7,17.81
260,alofi,12,ET,1538086168,69,8.96,38.73,51.43,6.62
261,glamoc,75,BN,1538083800,94,5.28,115.24,78.8,1.12
262,tessalit,24,NE,1538086169,61,13.05,3.19,82.39,5.39
263,kuopio,92,PG,1538085940,93,-6.12,141.3,72.31,2.26
264,ambilobe,100,VU,1538086130,100,-19.55,169.27,70.06,23.4
265,tecoanapa,48,BR,1538086170,69,-3.1,-67.94,87.16,2.93
266,mocambique,75,CO,1538082000,94,10.99,-74.96,78.8,2.24
267,san luis,90,US,1538085360,9,48.11,-98.87,46.4,19.46
268,iqaluit,40,MU,1538082000,73,-20.21,57.76,71.6,11.41
269,lensk,88,RU,1538086160,86,62.08,32.35,43.06,10.09
270,oranjestad,0,CL,1538086172,62,-25.41,-70.49,66.82,2.82
271,paamiut,80,IN,1538086172,100,10.57,72.64,82.93,7.85
272,petropavlovsk-kamchatskiy,68,CA,1538085947,68,43.74,-81.71,62.5,13.22
273,graciano sanchez,1,JP,1538085360,82,35.74,139.53,62.6,4.7
274,ponta do sol,0,ID,1538085944,100,4.14,96.13,78.07,4.16
275,hukuntsi,8,IN,1538085904,100,30.78,78.62,50.44,1.81
276,shamary,75,CA,1538082000,54,63.59,-135.9,41.0,2.24
277,port blair,64,RU,1538086174,99,71.64,128.87,28.93,8.19
278,havre-saint-pierre,0,BR,1538085600,83,-17.73,-39.27,77.0,11.41
279,bhakkar,0,LY,1538086175,58,27.03,14.43,69.07,7.74
280,tezu,40,RW,1538083800,60,-2.2,30.56,71.6,2.24
281,mathathane,0,BR,1538086175,23,-14.08,-46.36,86.8,4.72
282,katsuura,80,MV,1538086176,100,5.67,73.0,82.66,20.04
283,nata,92,MX,1538086177,63,21.28,-88.93,88.78,5.84
284,tilichiki,0,PE,1538082000,30,-13.71,-76.2,71.6,18.34
285,cockburn town,75,DZ,1538082000,50,27.87,-0.29,77.0,16.11
286,buguruslan,8,CD,1538086178,79,-8.74,25.0,69.07,2.37
287,lebu,0,CN,1538086178,98,27.34,117.49,59.44,1.92
288,labuan,44,ML,1538086178,89,11.42,-7.49,76.81,4.5
289,dosso,0,RU,1538086179,81,46.17,45.34,45.58,3.38
290,kiunga,90,CL,1538082000,70,-45.58,-72.07,50.0,3.36
291,isangel,20,US,1538083860,78,29.7,-91.21,82.4,3.36
292,santo antonio do ica,92,RU,1538086135,94,63.05,179.32,45.85,18.48
293,puerto colombia,44,BW,1538086180,26,-26.02,22.4,70.51,4.72
294,devils lake,0,FR,1538083800,76,45.47,4.51,62.6,2.24
295,marcona,20,US,1538084100,77,36.62,-121.92,77.0,9.17
296,quatre cocos,0,CN,1538086181,53,40.29,97.04,35.23,3.6
297,suoyarvi,0,OM,1538086182,73,22.69,58.55,67.63,2.26
298,taltal,40,MU,1538082000,73,-19.98,57.61,71.6,11.41
299,kavaratti,0,GF,1538083800,79,4.94,-52.33,84.2,9.17
300,goderich,76,RU,1538086183,100,57.78,108.12,38.2,2.71
301,nishihara,75,CA,1538083980,100,49.72,-86.95,44.6,8.05
302,meulaboh,75,GA,1538082000,94,-0.72,8.78,77.0,11.41
303,lata,8,AO,1538086184,43,-11.56,20.78,72.58,3.49
304,mayo,0,AR,1538086184,64,-27.8,-64.26,83.65,8.97
305,tiksi,75,PR,1538084640,88,18.37,-65.72,84.2,9.17
306,caravelas,68,PE,1538086185,87,-11.06,-75.33,58.45,1.7
307,sabha,0,ZA,1538086185,91,-34.0,24.73,58.81,2.37
308,kibaya,0,AO,1538086186,100,-15.19,12.15,66.37,11.99
309,posse,75,ES,1538085600,82,43.52,-8.15,64.4,5.39
310,grand centre,48,CN,1538086187,81,47.2,123.63,50.53,12.1
311,ugoofaaru,75,BR,1538085600,88,-5.81,-35.21,77.0,9.17
312,umzimvubu,40,PT,1538083800,94,37.73,-25.67,73.4,2.24
313,dzilam gonzalez,48,IN,1538086188,77,27.17,84.33,79.51,2.71
314,pisco,90,US,1538084400,100,21.39,-158.15,84.92,8.05
315,adrar,0,UZ,1538082000,66,41.84,60.39,53.6,2.24
316,kamina,64,RU,1538086189,69,57.47,31.12,45.94,14.79
317,shaowu,88,RU,1538086189,96,66.32,-179.17,38.2,4.5
318,bougouni,48,CA,1538086190,100,50.56,-96.99,46.03,15.01
319,yashkul,0,NG,1538086190,74,10.41,10.6,77.98,3.27
320,coihaique,20,PH,1538086191,100,13.72,123.58,77.17,4.5
321,brahmapuri,0,MK,1538086191,64,41.28,20.71,32.98,1.59
322,morgan city,100,NE,1538086192,18,16.97,7.99,88.78,2.15
323,beringovskiy,20,US,1538085600,22,42.06,-104.18,73.94,17.22
324,tsabong,0,NO,1538086192,74,61.77,9.54,32.35,5.39
325,saint-chamond,90,CA,1538082000,93,47.58,-53.28,59.0,14.99
326,pacific grove,12,NE,1538086154,21,18.69,12.92,79.6,6.62
327,yumen,5,MX,1538080800,29,27.52,-110.01,98.6,4.7
328,maghama,56,PK,1538083500,88,31.44,73.69,77.0,2.71
329,ibra,36,LK,1538086194,96,8.58,81.23,73.66,3.04
330,saleaula,56,BR,1538086194,97,-22.19,-46.24,64.48,3.15
331,cap malheureux,0,PH,1538086195,90,12.18,125.51,81.4,13.33
332,cayenne,56,RU,1538086195,79,68.75,161.3,40.81,7.4
333,kirensk,92,UY,1538086196,85,-30.9,-55.54,68.98,11.21
334,geraldton,80,RU,1538086191,95,65.8,87.96,47.47,5.84
335,port-gentil,76,UY,1538086197,67,-34.48,-54.34,61.96,14.67
336,lumeje,0,AU,1538083800,87,-32.72,152.14,55.4,11.41
337,santiago del estero,40,MU,1538082000,73,-20.34,57.76,71.6,11.41
338,luquillo,76,KZ,1538086198,72,43.6,73.76,58.63,11.65
339,la merced,8,ID,1538086198,88,-7.75,112.01,61.6,4.83
340,kruisfontein,20,US,1538085600,84,36.07,-79.4,78.98,3.36
341,namibe,0,NZ,1538086199,69,-37.98,175.76,53.68,3.71
342,naron,20,US,1538085540,84,36.3,-76.22,80.06,8.05
343,hendijan,44,RU,1538086200,96,67.67,53.09,40.9,15.23
344,hulan ergi,1,US,1538085240,72,34.88,-76.9,87.08,9.17
345,natal,48,GB,1538085000,52,60.4,-1.35,48.2,9.17
346,ponta delgada,40,EC,1538082000,43,-0.39,-78.55,69.8,19.46
347,ramnagar,56,PY,1538086202,94,-26.18,-56.47,72.13,3.71
348,binabalian,1,PR,1538085000,88,18.47,-66.72,84.2,12.75
349,nanakuli,75,CA,1538083920,87,50.1,-91.92,44.6,4.7
350,gurlan,40,AU,1538083800,43,-20.73,139.49,75.2,4.7
351,poddorye,75,AR,1538082000,87,-39.03,-67.58,50.0,12.75
352,egvekinot,0,FR,1538083800,63,48.95,4.24,62.6,4.7
353,husavik,44,MV,1538086204,100,6.62,73.07,81.58,15.23
354,bara,0,NA,1538086205,82,-20.37,14.96,60.16,2.71
355,sabang,20,JP,1538082600,82,33.32,129.49,64.4,4.7
356,poum,0,ZW,1538086206,55,-20.19,32.62,77.89,6.51
357,sento se,0,IN,1538082000,73,22.6,75.31,71.6,3.36
358,agadez,0,CN,1538082000,78,24.9,118.59,73.4,4.47
359,torrington,0,KZ,1538086207,84,47.52,52.98,43.51,3.38
360,otta,75,GL,1538085000,64,69.22,-51.1,33.8,26.4
361,louisbourg,88,RU,1538086207,93,69.49,88.39,42.7,3.71
362,bay roberts,64,RU,1538085921,93,69.38,178.42,41.44,14.67
363,bilma,0,SA,1538086208,97,25.02,37.27,80.95,2.04
364,laguna,0,SA,1538082000,19,17.54,44.22,78.8,2.59
365,nankana sahib,12,RU,1538086209,79,56.92,32.74,46.48,20.49
366,trincomalee,24,CG,1538086209,93,1.61,16.05,74.47,1.81
367,cervo,100,AR,1538086209,86,-40.81,-62.99,47.74,14.79
368,san policarpo,32,CD,1538086210,90,-3.32,17.38,76.36,5.73
369,cherskiy,0,BR,1538086210,58,-7.21,-36.83,77.98,12.66
370,rivera,0,PL,1538085600,87,51.79,21.18,53.6,3.36
371,turukhansk,0,FR,1538083800,72,43.56,6.97,64.4,3.36
372,rocha,20,CL,1538082000,63,-20.22,-70.14,66.2,19.46
373,nelson bay,0,MG,1538086211,78,-13.68,48.45,62.95,2.15
374,bambous virieux,8,NZ,1538086211,71,-35.1,173.78,55.66,4.5
375,shu,75,US,1538084400,64,35.84,-90.7,69.98,6.51
376,gondanglegi,92,NO,1538086212,93,69.01,23.04,30.64,3.15
377,graham,90,US,1538085180,79,48.55,-109.68,46.04,8.05
378,tirau,0,IT,1538083200,45,40.73,17.58,68.0,21.92
379,elizabeth city,75,US,1538085360,76,34.85,-82.4,84.2,5.82
380,naryan-mar,75,CO,1538082000,83,7.39,-73.5,89.6,4.7
381,havelock,90,CA,1538082000,62,43.47,-80.52,60.8,9.17
382,brae,64,EG,1538082000,69,31.35,27.25,77.0,17.22
383,san cristobal,0,UZ,1538083800,36,39.42,63.81,60.8,4.7
384,maciel,0,PK,1538086215,99,24.14,67.45,80.5,16.02
385,arecibo,40,PT,1538083800,94,37.77,-25.7,73.4,2.24
386,sioux lookout,75,MX,1538080980,70,21.23,-86.73,86.0,8.05
387,mount isa,1,DE,1538085360,67,49.19,11.19,54.68,3.36
388,general roca,40,MX,1538084520,74,16.86,-99.88,86.0,8.05
389,saint-pierre,64,CN,1538086217,100,28.38,121.38,73.03,16.35
390,kulhudhuffushi,1,US,1538084100,72,41.28,-70.1,66.92,12.75
391,khorixas,0,AU,1538086218,66,-20.74,116.85,60.61,4.16
392,naftah,0,FR,1538083800,93,47.55,-2.56,60.8,4.7
393,hirado,1,US,1538081580,2,34.54,-112.47,87.08,13.87
394,chipinge,75,UY,1538082000,72,-34.91,-54.96,60.8,16.11
395,dhar,40,ID,1538082000,94,3.76,98.46,77.0,3.36
396,quanzhou,0,RU,1538086219,83,52.42,136.49,34.15,3.15
397,dossor,0,MR,1538086220,25,20.52,-13.05,82.48,6.62
398,ilulissat,0,AO,1538086167,100,-12.58,13.4,69.61,4.94
399,talnakh,64,RU,1538086220,71,62.71,56.19,41.8,8.75
400,leningradskiy,20,RU,1538086221,81,54.27,39.54,45.22,13.67
401,umm lajj,32,LY,1538086221,54,26.59,12.77,72.76,10.09
402,najran,1,US,1538081880,60,64.86,-147.8,48.92,9.17
403,peno,0,MN,1538085980,71,49.98,92.07,23.62,2.93
404,ouesso,0,CN,1538086222,56,38.52,102.19,36.85,8.08
405,viedma,75,MY,1538082000,94,5.33,103.14,77.0,3.36
406,bandundu,12,ID,1538086223,100,0.7,108.9,73.48,3.38
407,taperoa,88,RU,1538086223,76,68.06,166.44,41.62,7.74
408,warka,0,RU,1538086090,73,51.29,85.68,27.31,1.92
409,saint-joseph,75,GP,1538083800,69,16.47,-61.51,82.4,11.41
410,iquique,0,RU,1538083800,70,55.14,37.45,46.4,11.18
411,ambanja,88,NG,1538086225,93,4.92,6.26,75.55,6.51
412,kaeo,0,PE,1538082000,290,-5.09,-81.11,62.6,11.41
413,jonesboro,20,JP,1538083800,82,33.63,130.94,68.0,6.93
414,kautokeino,75,NO,1538085000,86,69.65,18.96,33.8,2.24
415,havre,92,BR,1538086226,100,-23.78,-45.36,71.23,7.4
416,ostuni,8,MG,1538086227,89,-25.17,45.06,61.33,2.71
417,burica,0,CF,1538086227,77,10.3,22.78,76.72,2.71
418,greenville,1,US,1538084100,43,40.33,-91.2,71.96,10.29
419,sabana de torres,0,PT,1538083800,69,37.14,-8.45,77.0,3.36
420,waterloo,40,BB,1538082000,74,13.22,-59.52,84.2,19.46
421,marsa matruh,0,MZ,1538086229,100,-16.23,39.91,78.07,13.22
422,olot,90,US,1538084640,84,29.94,-90.04,80.96,16.11
423,keti bandar,20,IT,1538083200,77,37.8,12.44,69.8,2.24
424,arrifes,40,PT,1538083800,94,37.72,-25.43,73.4,2.24
425,isla mujeres,40,US,1538085360,76,33.7,-78.89,85.46,13.87
426,hilpoltstein,92,RU,1538086231,98,64.9,45.76,39.91,6.06
427,acapulco,68,IN,1538086231,95,17.12,76.94,72.58,3.15
428,wenling,0,NO,1538086232,66,58.75,8.86,50.8,13.44
429,nantucket,44,IN,1538086232,86,34.16,77.58,9.85,1.36
430,karratha,0,SI,1538083800,93,46.39,15.57,46.4,2.37
431,ambon,36,BR,1538086233,88,-8.26,-49.26,81.04,3.94
432,prescott,44,GQ,1538086233,95,1.29,10.94,71.23,3.83
433,maldonado,0,RU,1538086233,90,46.45,135.83,31.63,2.37
434,stabat,90,MX,1538081280,56,24.39,-104.74,69.8,10.29
435,imeni poliny osipenko,40,BB,1538082000,74,13.07,-59.53,84.2,19.46
436,atar,75,PT,1538083800,78,33.08,-16.33,73.4,17.22
437,benguela,0,OM,1538086235,46,22.93,57.53,72.94,4.72
438,troitsko-pechorsk,0,SY,1538086207,70,35.3,37.18,68.17,6.4
439,gagino,12,AU,1538086236,90,-28.95,153.24,54.58,2.71
440,inderborskiy,92,MG,1538086236,100,-14.27,50.17,74.56,16.35
441,sinkat,92,CL,1538086175,98,-41.87,-73.83,50.44,9.64
442,awbari,1,US,1538084100,41,36.97,-122.03,77.0,9.17
443,college,92,RU,1538086237,96,58.45,92.17,47.83,2.93
444,ulaangom,75,CA,1538082000,92,70.47,-68.59,28.4,14.99
445,nguiu,40,US,1538084460,100,32.46,-84.99,78.08,5.73
446,jinchang,76,IN,1538086239,99,27.54,93.82,60.97,1.36
447,kuala terengganu,0,PT,1538083800,88,41.53,-8.62,68.0,1.92
448,sungairaya,0,CN,1538086240,100,19.91,109.69,73.93,4.16
449,bilibino,88,IS,1538086240,91,63.44,-20.27,44.68,13.22
450,shebalino,0,BR,1538086241,42,-2.16,-56.09,92.38,5.28
451,anse-bertrand,88,NO,1538086241,100,64.86,11.24,44.05,9.98
452,bargal,0,LY,1538086242,100,32.77,22.64,74.2,31.68
453,chekhov,8,MX,1538086242,89,18.62,-100.35,73.75,2.15
454,yenagoa,0,ID,1538086242,90,-8.61,120.46,66.28,3.15
455,paita,76,RU,1538086243,98,54.3,93.39,48.64,3.71
456,miyako,12,ID,1538086243,97,-3.99,122.52,70.15,2.59
457,tromso,0,MZ,1538082000,88,-15.12,39.26,71.6,8.05
458,ilhabela,0,CA,1538086244,68,46.7,-75.45,58.0,6.51
459,beloha,1,US,1538085360,3,40.83,-115.76,82.04,9.17
460,birao,24,CM,1538086244,90,6.52,14.29,67.27,0.69
461,kamenskoye,12,RU,1538086245,100,50.68,156.12,44.68,3.94
462,basco,75,JP,1538082600,82,31.5,131.29,68.0,5.82
463,lagoa,0,AU,1538083800,38,-32.25,148.6,60.8,5.82
464,bathsheba,20,ES,1538085600,69,29.06,-13.56,75.2,14.99
465,angoche,0,CN,1538086169,65,42.84,93.51,39.28,3.71
466,algiers,92,RU,1538086247,99,60.44,51.01,37.57,6.96
467,marsala,92,EE,1538086247,96,59.1,26.19,44.95,6.73
468,vila franca do campo,0,NO,1538086247,100,67.67,12.69,44.41,7.18
469,myrtle beach,1,US,1538085360,3,40.17,-111.61,75.92,4.7
470,leshukonskoye,92,SL,1538086248,98,7.99,-10.85,72.4,6.62
471,shahabad,0,NG,1538086248,76,12.18,6.51,76.45,2.71
472,myra,90,US,1538084100,59,28.24,-82.72,93.2,5.82
473,leh,0,AF,1538086249,75,32.93,66.63,31.9,1.81
474,slovenska bistrica,75,BO,1538082000,34,-16.5,-68.19,53.6,16.11
475,conceicao do araguaia,0,RU,1538086100,100,44.34,132.57,37.84,2.71
476,aconibe,0,AU,1538083800,93,-20.31,118.58,66.2,9.17
477,vostok,1,US,1538085360,56,29.74,-97.91,80.96,8.05
478,nicolas bravo,0,ES,1538085600,83,28.66,-17.92,73.4,4.7
479,kousseri,80,BR,1538086251,94,-1.45,-45.72,81.76,19.37
480,oistins,0,SN,1538086252,62,14.69,-16.54,85.9,7.4
481,camacha,90,CN,1538082000,93,26.58,106.71,57.2,4.47
482,nizwa,8,RU,1538086252,92,57.73,61.25,39.82,4.72
483,abu samrah,75,ES,1538083800,82,43.21,-8.69,64.4,2.24
484,codrington,76,RU,1538086253,89,62.22,135.8,40.45,4.27
485,sambava,48,GL,1538085000,87,60.72,-46.03,42.8,4.7
486,ancud,0,GW,1538082000,88,11.28,-15.83,80.6,5.82
487,santa cruz,40,JP,1538083800,82,35.37,132.75,60.8,10.29
488,yeniseysk,1,US,1538085300,54,32.72,-102.64,76.46,9.17
489,clyde river,76,NO,1538085000,75,62.91,6.91,44.6,9.17
490,columbus,64,CD,1538086255,37,-10.7,22.23,78.7,4.61
491,ziro,75,MY,1538082000,88,4.62,101.14,77.0,8.05
492,el balyana,0,YT,1538083800,88,-12.9,45.08,73.4,2.24
493,dianopolis,40,TT,1538082000,88,10.24,-61.45,78.8,3.6
494,barcelos,0,PH,1538086256,90,12.22,125.48,81.4,13.33
495,lingao,20,OM,1538081400,78,17.01,54.1,77.0,5.82
496,vestmannaeyjar,20,CA,1538082000,68,50.7,-127.42,64.4,14.99
497,babanusah,40,MU,1538082000,73,-20.01,57.66,71.6,11.41
498,juruti,0,AU,1538083800,73,-23.13,150.74,69.8,4.7
499,rorvik,92,RU,1538086258,96,66.66,66.39,44.95,8.19
500,darnah,12,SV,1538086258,85,13.2,-88.05,88.15,5.17
501,coahuayana,0,ID,1538086258,92,-8.49,140.4,74.11,16.46
502,ruteng,0,BR,1538082000,47,-20.25,-43.81,80.6,10.29
503,koshurnikovo,75,CL,1538085600,51,-33.69,-71.21,62.6,9.17
504,kendari,90,US,1538085180,92,59.64,-151.54,48.92,17.25
505,nampula,76,CO,1538086260,83,5.59,-73.79,59.98,1.59
506,ferme-neuve,0,IR,1538086260,100,25.29,60.65,80.05,4.83
507,elko,40,IT,1538083200,40,37.61,15.17,71.6,10.29
508,meiganga,75,ES,1538085600,82,43.48,-8.23,64.4,1.36
509,tucuma,0,YT,1538083800,88,-12.79,45.27,73.4,2.24
510,severo-kurilsk,0,AU,1538083800,88,-12.18,136.78,69.8,15.57
511,kushima,92,SB,1538086262,100,-10.46,161.92,77.8,25.52
512,dubbo,0,NC,1538083800,60,-22.23,166.53,73.4,13.87
513,teguise,32,PE,1538086263,64,-11.33,-74.53,79.51,1.7
514,hami,90,US,1538085300,84,38.32,-85.65,64.04,6.93
515,yambio,36,BR,1538086192,70,-8.28,-70.75,87.25,3.71
516,koygorodok,32,CN,1538085996,95,29.72,113.88,64.66,6.62
517,vao,0,MX,1538086264,39,30.85,-116.07,85.18,4.72
518,sorland,92,UY,1538086264,87,-33.23,-54.39,61.06,13.56
519,springville,90,US,1538085300,58,39.75,-75.55,71.06,3.36
520,daru,64,NA,1538086265,19,-17.88,15.07,82.48,10.54
521,auki,88,RU,1538086266,97,69.41,86.18,42.97,5.17
522,new port richey,90,US,1538085240,90,36.85,-75.98,80.06,8.86
523,uruzgan,0,CN,1538086266,59,38.94,100.46,35.68,6.85
524,el alto,32,CN,1538086266,96,29.04,111.68,61.78,4.94
525,chernigovka,80,CM,1538086267,98,4.64,9.44,70.15,2.82
526,puerto cortes,76,AU,1538086267,100,-26.53,153.09,66.1,1.36
527,port hedland,0,CN,1538086267,80,42.27,118.96,47.65,6.73
528,galle,80,BR,1538086268,85,-21.41,-48.51,74.74,5.95
529,wulanhaote,0,IS,1538086019,100,64.25,-15.21,43.33,11.65
530,los llanos de aridane,0,CN,1538086268,79,40.09,113.3,31.36,3.71
531,candido mendes,75,RU,1538083800,87,51.73,38.83,48.2,11.18
532,gat,0,TM,1538086269,79,37.35,59.62,49.18,3.71
533,guiyang,0,CN,1538086152,85,52.34,124.71,38.2,3.38
534,neyvo-shaytanskiy,90,CA,1538084220,80,53.82,-101.24,35.6,17.22
535,carballo,48,CN,1538086270,79,29.82,113.46,63.58,8.41
536,kuah,75,SE,1538083200,71,57.72,12.94,51.8,19.46
537,dzhebariki-khaya,48,BR,1538086271,89,-23.85,-50.19,68.8,2.48
538,qaqortoq,0,RU,1538086271,82,50.72,136.64,33.61,2.71
539,bubaque,0,SD,1538086271,85,11.01,29.72,72.85,2.59
540,izumo,20,DO,1538082000,52,18.21,-71.1,89.6,13.87
541,seminole,0,IN,1538086272,63,22.62,71.45,74.11,7.85
542,khonuu,92,BR,1538086273,75,-10.41,-36.43,77.44,12.33
543,bud,0,CN,1538086273,58,38.42,77.24,46.3,5.39
544,luau,75,PH,1538085600,94,18.07,120.49,75.2,4.7
545,tambun,0,ID,1538086274,99,-7.02,113.87,80.05,7.96
546,boueni,1,US,1538085300,54,32.74,-101.95,76.46,9.17
547,esperance,80,CO,1538086274,90,6.98,-76.75,78.97,3.71
548,alugan,75,US,1538084340,100,20.89,-156.47,82.94,5.82
549,salalah,20,CO,1538086275,82,7.96,-74.05,82.39,2.93
550,port hardy,48,GB,1538085000,75,57.47,-1.78,46.4,11.41
551,grand gaube,90,UY,1538085600,82,-34.68,-56.22,60.8,16.11
552,yeppoon,24,BR,1538086277,90,-24.65,-50.85,68.17,2.26
553,labytnangi,90,GR,1538083200,93,35.47,23.6,62.6,5.82
554,intipuca,88,CO,1538086278,94,6.34,-73.37,66.91,2.59
555,merauke,75,PE,1538082000,40,-14.91,-69.87,53.6,19.46
556,praia,76,PH,1538086279,98,12.86,121.46,73.03,2.71
557,melipilla,75,LR,1538082000,94,6.33,-10.8,75.2,4.94
558,homer,40,ID,1538082000,88,-8.71,116.27,75.2,1.12
559,cordoba,90,US,1538081760,80,34.23,-92.0,64.94,6.93
560,chabahar,100,CD,1538086280,97,0.52,25.21,73.3,2.15
561,acireale,24,MM,1538086281,91,22.57,95.7,77.8,4.27
562,ferrol,40,EC,1538082000,59,0.39,-77.94,60.8,11.41
